Parent Object,Operation,Component Type,Component Name,API Name,Comments,Owner: Full Name,Last Modified Date
null,Update,ApexPage,APTS_HBTRR_FinancialOpLog, , ,Artem Nakhapetiani,Thu Nov 16 16:27:14 GET 2017
null,Update,ApexPage,APTS_HBTRR_Main, , ,Tengo Lebanidze,Mon Dec 18 16:21:07 GET 2017
null,Create,WorkflowOutboundMessage,LCBS - Payment Method Expiration,Account.LCBS_Payment_Method_Expiration, ,conga conga,Wed Nov 15 19:44:19 GET 2017
null,Create,WorkflowOutboundMessage,LCBS - Price Change,Account.LCBS_Price_Change, ,conga conga,Wed Nov 15 19:45:49 GET 2017
null,Update,WorkflowOutboundMessage,RPSAccount,Account.RPSAccount,RPS Screening Account,Yury Yagutyan,Wed Dec 13 19:42:08 GET 2017
null,Update,WorkflowOutboundMessage,APTS LCBS GL Sync Notification,Apttus_Billing__Invoice__c.APTS_LCBS_GL_Sync_Notification, ,Susheel Bist,Wed Nov 29 21:25:56 GET 2017
null,Create,WorkflowOutboundMessage,LCBS - Invoice Generated,Apttus_Billing__Invoice__c.LCBS_Invoice_Generated, ,Susheel Bist,Wed Nov 29 21:10:13 GET 2017
null,Create,WorkflowOutboundMessage,LCBS - Payment Declined,Apttus_Billing__Invoice__c.LCBS_Payment_Declined, ,Susheel Bist,Wed Nov 29 21:10:48 GET 2017
null,Update,WorkflowOutboundMessage,APTS LCBS Provisioning Notification,Apttus_Config2__Order__c.APTS_LCBS_Ord_Prov_Notification,Subscription Billing:  Send Order notification to orchestration layer for provisioning,Susheel Bist,Wed Nov 29 21:21:07 GET 2017
null,Create,WorkflowOutboundMessage,LCBS - Subscription Activation Notificat,Apttus_Config2__Order__c.LCBS_Subscription_Activation_Notificat, ,Susheel Bist,Wed Nov 29 21:11:10 GET 2017
null,Create,WorkflowOutboundMessage,LCBS Payment Method Expiration,User.LCBS_Payment_Method_Expiration,Created by Conga Professional Services.,conga conga,Fri Dec 01 21:48:57 GET 2017
null,Create,WorkflowOutboundMessage,LCBS Price Change Notification,User.LCBS_Price_Change_Notification, ,conga conga,Fri Dec 01 21:59:26 GET 2017
APTS HBTRR Financial Operation Log,Update,CustomObject,APTS_HBTRR_Financial_Operation_Log__c, , ,Tengo Lebanidze,Mon Oct 30 17:15:33 GET 2017
APTS HBTRR General Settings,Update,Custom Setting,APTS_HBTRR_General_Settings__c, , ,Artem Nakhapetiani,Thu Jan 11 19:00:49 GET 2018
APTS HBTRR Source Specific Settings,Update,Custom Setting,APTS_HBTRR_Source_Specific_Settings__c, , ,Artem Nakhapetiani,Thu Jan 11 18:16:29 GET 2018
APTS HBTRR Sovos Settings,Create,Custom Setting,APTS_HBTRR_Sovos_Settings__c, , ,Artem Nakhapetiani,Mon Dec 11 18:58:36 GET 2017
APTS Paymetric Config Settings,Update,Custom Setting,APTS_Paymetric_Config_Settings__c, , ,Artem Nakhapetiani,Thu Jan 11 18:36:49 GET 2018
Product Attribute Usage,Update,CustomObject,APTS_ProductAttributeUsage__c, , ,Tengo Lebanidze,Fri Dec 01 18:21:00 GET 2017
Credit Memo Line Item,Update,CustomObject,Apttus_Billing__CreditMemoLineItem__c, , ,Tengo Lebanidze,Fri Dec 01 15:55:09 GET 2017
Credit Memo Tax Breakup,Update,CustomObject,Apttus_Billing__CreditMemoTaxBreakup__c, , ,Tengo Lebanidze,Fri Dec 01 15:56:13 GET 2017
Credit Memo,Update,CustomObject,Apttus_Billing__CreditMemo__c, , ,Tengo Lebanidze,Fri Dec 01 15:57:33 GET 2017
Invoice Line Item,Update,CustomObject,Apttus_Billing__InvoiceLineItem__c, , ,Tengo Lebanidze,Fri Dec 01 15:59:10 GET 2017
Invoice,Update,CustomObject,Apttus_Billing__Invoice__c, , ,Tengo Lebanidze,Tue Dec 26 17:07:27 GET 2017
Payment Method,Update,CustomObject,Apttus_Billing__PaymentMethod__c, , ,Artem Nakhapetiani,Tue Oct 31 17:02:03 GET 2017
Refund,Update,CustomObject,Apttus_Billing__Refund__c, , ,Tengo Lebanidze,Fri Dec 01 16:03:36 GET 2017
Asset Attribute Value,Update,CustomObject,Apttus_Config2__AssetAttributeValue__c, , ,Tengo Lebanidze,Thu Dec 14 17:47:41 GET 2017
Asset Line Item,Update,CustomObject,Apttus_Config2__AssetLineItem__c, , ,Artem Nakhapetiani,Mon Dec 04 19:25:11 GET 2017
Line Item,Update,CustomObject,Apttus_Config2__LineItem__c, , ,Artem Nakhapetiani,Tue Dec 26 16:42:42 GET 2017
Order Line Item,Update,CustomObject,Apttus_Config2__OrderLineItem__c, , ,Tengo Lebanidze,Fri Dec 01 16:10:44 GET 2017
Order Product Attribute Value,Update,CustomObject,Apttus_Config2__OrderProductAttributeValue__c, , ,Tengo Lebanidze,Thu Dec 14 17:47:49 GET 2017
Price List Item,Update,CustomObject,Apttus_Config2__PriceListItem__c, , ,Artem Nakhapetiani,Fri Dec 22 19:01:51 GET 2017
Product Attribute Value,Update,CustomObject,Apttus_Config2__ProductAttributeValue__c, , ,Tengo Lebanidze,Thu Dec 14 17:48:04 GET 2017
Proposal Line Item,Update,CustomObject,Apttus_Proposal__Proposal_Line_Item__c, , ,Artem Nakhapetiani,Fri Dec 22 19:00:11 GET 2017
Quote/Proposal,Update,CustomObject,Apttus_Proposal__Proposal__c, , ,Tengo Lebanidze,Fri Dec 22 16:35:57 GET 2017
Proposal Product Attribute Value,Update,CustomObject,Apttus_QPConfig__ProposalProductAttributeValue__c, , ,Tengo Lebanidze,Thu Dec 14 17:47:57 GET 2017
null,Create,WorkflowFieldUpdate,APTS HBTR Mark Invoice Generated,Apttus_Billing__Invoice__c.APTS_HBTR_Mark_Invoice_Generated, ,Abigail Potter,Thu Nov 16 04:08:52 GET 2017
null,Create,WorkflowFieldUpdate,APTS HBTR Mark Invoice Payment Failed,Apttus_Billing__Invoice__c.APTS_HBTR_Mark_Invoice_Payment_Failed, ,Abigail Potter,Thu Nov 16 04:13:21 GET 2017
null,Create,WorkflowFieldUpdate,Integration Requested,Apttus_Billing__Invoice__c.Invoice_Integration_Requested, ,oscar guzman,Fri Dec 22 23:42:18 GET 2017
null,Create,WorkflowFieldUpdate,APTS HBTR Mark Subscription Activated,Apttus_Config2__Order__c.APTS_HBTR_Mark_Subscription_Activated,Mark subscription activated on Order,Abigail Potter,Thu Nov 16 04:13:02 GET 2017
null,Create,WorkflowFieldUpdate,Order Provisioning started,Apttus_Config2__Order__c.APTS_Order_Provisioning_started, ,oscar guzman,Thu Dec 21 01:57:55 GET 2017
null,Update,WorkflowRule,Account.RPS-AccountChange,Account.RPS-AccountChange,CALL VC RPS Service When Source = LCBS AND Billing fields change or RPS Status = Pending,oscar guzman,Wed Dec 20 23:00:40 GET 2017
null,Create,WorkflowRule,Apttus_Billing__Invoice__c.APTS HBTRR Process Invoice - Generated,Apttus_Billing__Invoice__c.APTS HBTRR Process Invoice - Generated,When invoice is generated email should be sent to customer - please see criteria,Abigail Potter,Thu Nov 16 01:29:33 GET 2017
null,Create,WorkflowRule,Apttus_Billing__Invoice__c.APTS HBTRR Process Invoice - Payment Failed,Apttus_Billing__Invoice__c.APTS HBTRR Process Invoice - Payment Failed, ,Abigail Potter,Thu Nov 16 00:57:51 GET 2017
null,Update,WorkflowRule,Apttus_Billing__Invoice__c.APTS LCBS GL Sync Rule,Apttus_Billing__Invoice__c.APTS LCBS GL Sync Rule, ,oscar guzman,Fri Dec 15 20:10:46 GET 2017
null,Create,WorkflowRule,Apttus_Billing__Invoice__c.LCBS - Invoice Generated,Apttus_Billing__Invoice__c.LCBS - Invoice Generated,Created by Conga Professional Services.,conga conga,Thu Nov 16 04:10:09 GET 2017
null,Create,WorkflowRule,Apttus_Billing__Invoice__c.LCBS - Payment Declined,Apttus_Billing__Invoice__c.LCBS - Payment Declined,Created by Conga Professional Services.,conga conga,Tue Nov 28 23:07:47 GET 2017
null,Create,WorkflowRule,Apttus_Config2__Order__c.APTS HBTRR Process Order - Activated,Apttus_Config2__Order__c.APTS HBTRR Process Order - Activated,When Order with type is activated Conga should send email,Abigail Potter,Thu Nov 16 00:54:22 GET 2017
null,Update,WorkflowRule,Apttus_Config2__Order__c.APTS LCBS Provisioning Rule,Apttus_Config2__Order__c.APTS LCBS Provisioning Rule,Send all pending orders (new and renewals) to LCBS for provisioning,Blake Williams,Thu Nov 02 20:43:41 GET 2017
null,Create,WorkflowRule,Apttus_Config2__Order__c.LCBS - Subscription Activation Notification,Apttus_Config2__Order__c.LCBS - Subscription Activation Notification,Created by Conga Professional Services.,conga conga,Tue Nov 28 23:07:51 GET 2017
null,Create,WorkflowRule,User.LCBS Payment Method Expiration,User.LCBS Payment Method Expiration,Created by Conga Professional Services.,conga conga,Fri Dec 01 21:49:26 GET 2017
null,Create,WorkflowRule,User.LCBS Price Change Notification,User.LCBS Price Change Notification,Created by Conga Professional Services.,conga conga,Fri Dec 01 21:59:36 GET 2017
null,Update,Layout,APTS_HBTRR_Financial_Operation_Log__c-APTS HBTRR Financial Operation Log Layout, , ,Tengo Lebanidze,Mon Oct 30 16:53:37 GET 2017
null,Update,Layout,APTS_Routing_Merchant_ID__c-Routing Merchant ID Layout, , ,Dale Pepin,Tue Nov 07 21:38:22 GET 2017
null,Create,Layout,Account-EES Account Page Layout, , ,Abigail Potter,Thu Jan 04 19:35:36 GET 2018
null,Update,Layout,Apttus_Billing__InvoiceLineItemTaxBreakup__c-Invoice Line Item Tax Breakup Layout, , ,Artem Nakhapetiani,Sun Nov 05 10:12:56 GET 2017
null,Update,Layout,Apttus_Billing__InvoiceLineItem__c-Invoice Line Item Layout, , ,Artem Nakhapetiani,Tue Dec 26 17:30:53 GET 2017
null,Update,Layout,Apttus_Billing__InvoiceRunResult__c-Invoice Run Result Layout, , ,Tengo Lebanidze,Fri Dec 08 16:51:28 GET 2017
null,Update,Layout,Apttus_Billing__RelatedARTransaction2__c-Related A%2FR Transaction Layout, , ,Yury Yagutyan,Fri Dec 01 11:29:36 GET 2017
null,Update,Layout,Apttus_Config2__AccountLocation__c-Account Location Layout, , ,Artem Nakhapetiani,Mon Nov 06 15:30:26 GET 2017
null,Update,Layout,Apttus_Config2__AssetLineItem__c-Asset Line Item Layout, , ,Artem Nakhapetiani,Tue Dec 26 17:27:42 GET 2017
null,Update,Layout,Apttus_Config2__AttributeValueMatrix__c-Attribute Value Matrix Layout, , ,Gabriel Turkadze,Mon Dec 18 23:31:37 GET 2017
null,Update,Layout,Apttus_Config2__OrderLineItem__c-Order Line Item Layout, , ,Artem Nakhapetiani,Tue Dec 26 17:26:33 GET 2017
null,Update,Layout,Apttus_Config2__PriceListItem__c-Price List Item Layout, , ,Artem Nakhapetiani,Fri Dec 22 19:03:09 GET 2017
null,Update,Layout,Apttus_Config2__ProductConfiguration__c-Product Configuration Layout, , ,Artem Nakhapetiani,Mon Nov 06 15:25:20 GET 2017
null,Update,Layout,Apttus_Proposal__Proposal__c-RFP Layout, , ,Artem Nakhapetiani,Mon Nov 13 12:07:21 GET 2017
null,Update,Layout,Company_Code__c-Company Code Layout, , ,Yury Yagutyan,Thu Nov 09 18:16:19 GET 2017
null,Update,Layout,Contact-EES AMER Contact Page Layout, , ,Artem Nakhapetiani,Thu Dec 07 20:44:58 GET 2017
null,Update,Layout,Contact-SE Contact Layout, , ,Artem Nakhapetiani,Thu Dec 07 20:44:58 GET 2017
null,Update,Layout,Country__c-Country Layout, , ,Honeywell,Fri Nov 03 18:27:24 GET 2017
null,Update,Layout,Product2-Apttus Product Layout, , ,Yury Yagutyan,Mon Dec 11 20:34:50 GET 2017
null,Update,Layout,Product2-Product Layout, , ,Gabriel Turkadze,Tue Dec 12 10:30:28 GET 2017
null,Update,Layout,Region__c-Region Layout, , ,Dale Pepin,Mon Nov 06 21:56:02 GET 2017
null,Update,Layout,Remit_To_Link__c-Remit To Link Layout, , ,Dale Pepin,Thu Nov 09 21:54:39 GET 2017
null,Update,Layout,Remit_To__c-Remit To Layout, , ,Dale Pepin,Thu Nov 09 22:44:53 GET 2017
null,Update,Layout,Sales_Office__c-Sales Office Layout, , ,Dale Pepin,Tue Nov 07 00:08:28 GET 2017
null,Update,Layout,User-User Layout, , ,Artem Nakhapetiani,Mon Dec 04 10:41:11 GET 2017
null,Update,Layout,UserAlt-User Profile Layout, , ,Artem Nakhapetiani,Mon Dec 04 10:41:11 GET 2017
null,Update,ApexClass,APTS_AccountsSelector, , ,Artem Nakhapetiani,Thu Jan 04 19:29:24 GET 2018
null,Update,ApexClass,APTS_Application, , ,Tengo Lebanidze,Tue Dec 26 19:40:00 GET 2017
null,Update,ApexClass,APTS_AttachmentsSelector, , ,Tengo Lebanidze,Mon Dec 04 17:09:53 GET 2017
null,Update,ApexClass,APTS_BillingInvoices, , ,Tengo Lebanidze,Tue Dec 26 17:32:01 GET 2017
null,Update,ApexClass,APTS_BillingInvoicesSelector, , ,Artem Nakhapetiani,Thu Jan 04 19:22:16 GET 2018
null,Update,ApexClass,APTS_BillingPaymentMethodsSelector, , ,Tengo Lebanidze,Wed Dec 20 18:32:32 GET 2017
null,Update,ApexClass,APTS_CPQServiceFacade, , ,Artem Nakhapetiani,Wed Jan 03 19:13:17 GET 2018
null,Update,ApexClass,APTS_ContactsSelector, , ,Artem Nakhapetiani,Mon Dec 18 13:11:07 GET 2017
null,Update,ApexClass,APTS_CreditMemosSelector, , ,Artem Nakhapetiani,Wed Dec 20 18:54:25 GET 2017
null,Update,ApexClass,APTS_DynamicSoqlBuilderTest, , ,Tengo Lebanidze,Wed Jan 03 19:16:06 GET 2018
null,Update,ApexClass,APTS_ErrorCodes, , ,Tengo Lebanidze,Mon Nov 27 19:36:48 GET 2017
null,Update,ApexClass,APTS_HBTRR_AccountLocationSelector, , ,Artem Nakhapetiani,Wed Dec 20 18:28:58 GET 2017
null,Update,ApexClass,APTS_HBTRR_AssetLineItemsSelector, , ,Tengo Lebanidze,Wed Jan 03 19:17:40 GET 2018
null,Update,ApexClass,APTS_HBTRR_AssetsAutoRenewalBatch, , ,Artem Nakhapetiani,Wed Jan 03 19:15:58 GET 2018
null,Update,ApexClass,APTS_HBTRR_AssetsAutoRenewalBatchTest, , ,Artem Nakhapetiani,Wed Jan 03 19:18:45 GET 2018
null,Create,ApexClass,APTS_HBTRR_BillingService, , ,Artem Nakhapetiani,Thu Dec 21 19:54:29 GET 2017
null,Create,ApexClass,APTS_HBTRR_CCPaymentExpNotifBatch, , ,Tengo Lebanidze,Fri Dec 29 15:20:52 GET 2017
null,Create,ApexClass,APTS_HBTRR_CCPaymentExpNotifBatchTest, , ,Artem Nakhapetiani,Wed Dec 20 18:28:14 GET 2017
null,Update,ApexClass,APTS_HBTRR_CartService, , ,Tengo Lebanidze,Tue Dec 26 16:10:18 GET 2017
null,Update,ApexClass,APTS_HBTRR_CartServiceImpl, , ,Tengo Lebanidze,Thu Jan 04 17:04:46 GET 2018
null,Update,ApexClass,APTS_HBTRR_ConfiguratorService, , ,Artem Nakhapetiani,Sun Nov 19 17:08:04 GET 2017
null,Update,ApexClass,APTS_HBTRR_ConfiguratorServiceImpl, , ,Artem Nakhapetiani,Tue Dec 26 19:29:15 GET 2017
null,Update,ApexClass,APTS_HBTRR_DTO, , ,Tengo Lebanidze,Fri Dec 22 16:35:39 GET 2017
null,Update,ApexClass,APTS_HBTRR_DownGradeBatch, , ,Tengo Lebanidze,Wed Jan 03 19:45:41 GET 2018
null,Update,ApexClass,APTS_HBTRR_FinancialOpLogController, , ,Artem Nakhapetiani,Thu Nov 16 16:26:42 GET 2017
null,Update,ApexClass,APTS_HBTRR_FinancialOpLogControllerTest, , ,Artem Nakhapetiani,Mon Nov 06 00:39:15 GET 2017
null,Update,ApexClass,APTS_HBTRR_FinancialOpLogSelector, , ,Tengo Lebanidze,Mon Oct 30 16:57:12 GET 2017
null,Update,ApexClass,APTS_HBTRR_FinancialOpLogSelectorTest, , ,Tengo Lebanidze,Mon Oct 30 17:14:16 GET 2017
null,Update,ApexClass,APTS_HBTRR_FinancialOpLogService, , ,Artem Nakhapetiani,Thu Nov 16 18:06:42 GET 2017
null,Update,ApexClass,APTS_HBTRR_FinancialOpLogServiceTest, , ,Tengo Lebanidze,Mon Oct 30 17:15:10 GET 2017
null,Update,ApexClass,APTS_HBTRR_FollowUpPaymentBatch, , ,Artem Nakhapetiani,Thu Jan 04 19:19:12 GET 2018
null,Update,ApexClass,APTS_HBTRR_IAssetLineItemsSelector, , ,Artem Nakhapetiani,Wed Nov 29 19:20:58 GET 2017
null,Update,ApexClass,APTS_HBTRR_ICartService, , ,Tengo Lebanidze,Tue Dec 26 16:11:55 GET 2017
null,Update,ApexClass,APTS_HBTRR_IConfiguratorService, , ,Artem Nakhapetiani,Sun Nov 19 17:08:51 GET 2017
null,Update,ApexClass,APTS_HBTRR_IMuleSoftService, , ,Artem Nakhapetiani,Wed Dec 13 16:31:27 GET 2017
null,Update,ApexClass,APTS_HBTRR_IOrdersSelector, , ,Tengo Lebanidze,Fri Nov 24 18:23:12 GET 2017
null,Update,ApexClass,APTS_HBTRR_IPaymentsSelector, , ,Tengo Lebanidze,Sun Nov 26 20:47:23 GET 2017
null,Create,ApexClass,APTS_HBTRR_IRoutingMerchantIdsSelector, , ,Artem Nakhapetiani,Thu Nov 02 21:13:50 GET 2017
null,Update,ApexClass,APTS_HBTRR_InvRunResultTriggerHandler, , ,Tengo Lebanidze,Wed Jan 03 19:46:24 GET 2018
null,Update,ApexClass,APTS_HBTRR_InvoiceLineItemTriggerHandler, , ,Artem Nakhapetiani,Tue Dec 26 17:33:30 GET 2017
null,Update,ApexClass,APTS_HBTRR_InvoiceLineItemsSelector, , ,Artem Nakhapetiani,Wed Nov 01 11:41:24 GET 2017
null,Update,ApexClass,APTS_HBTRR_MainController, , ,Tengo Lebanidze,Thu Jan 04 17:39:42 GET 2018
null,Update,ApexClass,APTS_HBTRR_MainControllerTest, , ,Tengo Lebanidze,Thu Jan 04 17:41:53 GET 2018
null,Update,ApexClass,APTS_HBTRR_MuleSoftController, , ,Artem Nakhapetiani,Thu Nov 30 19:49:35 GET 2017
null,Update,ApexClass,APTS_HBTRR_MuleSoftControllerTest, , ,Artem Nakhapetiani,Thu Nov 30 19:49:51 GET 2017
null,Update,ApexClass,APTS_HBTRR_MuleSoftService, , ,Artem Nakhapetiani,Wed Dec 13 16:32:28 GET 2017
null,Update,ApexClass,APTS_HBTRR_MuleSoftServiceImpl, , ,Tengo Lebanidze,Thu Jan 04 17:43:23 GET 2018
null,Update,ApexClass,APTS_HBTRR_MuleSoftServiceTest, , ,Artem Nakhapetiani,Fri Nov 24 16:14:31 GET 2017
null,Update,ApexClass,APTS_HBTRR_Orders, , ,Artem Nakhapetiani,Wed Nov 15 08:05:26 GET 2017
null,Update,ApexClass,APTS_HBTRR_OrdersSelector, , ,Tengo Lebanidze,Sat Nov 25 21:29:01 GET 2017
null,Create,ApexClass,APTS_HBTRR_PaymentMethodTriggerHandler, , ,Artem Nakhapetiani,Wed Dec 20 16:09:56 GET 2017
null,Update,ApexClass,APTS_HBTRR_PaymentRunBatch, , ,Artem Nakhapetiani,Thu Jan 04 19:18:02 GET 2018
null,Update,ApexClass,APTS_HBTRR_PaymentRunBatchTest, , ,Artem Nakhapetiani,Thu Jan 11 18:33:56 GET 2018
null,Update,ApexClass,APTS_HBTRR_PaymentsSelector, , ,Tengo Lebanidze,Sun Nov 26 20:49:42 GET 2017
null,Create,ApexClass,APTS_HBTRR_PriceChangeBatch, , ,Artem Nakhapetiani,Thu Jan 04 19:26:11 GET 2018
null,Create,ApexClass,APTS_HBTRR_PriceChangeBatchTest, , ,Artem Nakhapetiani,Tue Dec 05 17:03:29 GET 2017
null,Create,ApexClass,APTS_HBTRR_PriceListItemTriggerHandler, , ,Yury Yagutyan,Fri Nov 17 19:06:25 GET 2017
null,Update,ApexClass,APTS_HBTRR_ProductOptionGroupsSelector, , ,Artem Nakhapetiani,Tue Nov 14 17:16:18 GET 2017
null,Update,ApexClass,APTS_HBTRR_QuoteApiTest, , ,Artem Nakhapetiani,Tue Dec 05 16:21:00 GET 2017
null,Update,ApexClass,APTS_HBTRR_RefundRunBatch, , ,Artem Nakhapetiani,Wed Dec 20 18:58:32 GET 2017
null,Create,ApexClass,APTS_HBTRR_RestApproveInvoice, , ,Artem Nakhapetiani,Wed Dec 13 16:40:00 GET 2017
null,Update,ApexClass,APTS_HBTRR_RestDTO, , ,Artem Nakhapetiani,Wed Dec 13 16:34:40 GET 2017
null,Create,ApexClass,APTS_HBTRR_RoutingMerchantIdsSelector, , ,Artem Nakhapetiani,Thu Nov 02 21:13:16 GET 2017
null,Update,ApexClass,APTS_HBTRR_SOVOS_DTO, , ,Artem Nakhapetiani,Sun Nov 05 11:05:59 GET 2017
null,Update,ApexClass,APTS_HBTRR_SovosHttpService, , ,Artem Nakhapetiani,Mon Dec 11 19:05:39 GET 2017
null,Update,ApexClass,APTS_HBTRR_TaxCallBack, , ,Artem Nakhapetiani,Sun Nov 05 11:05:57 GET 2017
null,Update,ApexClass,APTS_HBTRR_TaxCallBackTest, , ,Artem Nakhapetiani,Wed Jan 03 16:45:32 GET 2018
null,Update,ApexClass,APTS_HBTRR_TaxationServiceImpl, , ,Artem Nakhapetiani,Thu Jan 11 18:55:27 GET 2018
null,Update,ApexClass,APTS_HBTRR_TranslationService, , ,Artem Nakhapetiani,Tue Nov 14 19:17:09 GET 2017
null,Update,ApexClass,APTS_HBTRR_Utils, , ,Artem Nakhapetiani,Thu Jan 04 19:17:02 GET 2018
null,Update,ApexClass,APTS_IAccountsSelector, , ,Yury Yagutyan,Thu Nov 16 20:13:27 GET 2017
null,Update,ApexClass,APTS_IAttachmentsSelector, , ,Tengo Lebanidze,Mon Dec 04 17:08:37 GET 2017
null,Update,ApexClass,APTS_IBillingInvoices, , ,Artem Nakhapetiani,Thu Nov 02 19:32:55 GET 2017
null,Update,ApexClass,APTS_IBillingInvoicesSelector, , ,Tengo Lebanidze,Sun Nov 26 21:42:14 GET 2017
null,Update,ApexClass,APTS_IBillingPaymentMethodsSelector, , ,Artem Nakhapetiani,Wed Dec 20 16:51:48 GET 2017
null,Update,ApexClass,APTS_IContactsSelector, , ,Artem Nakhapetiani,Wed Nov 22 16:33:38 GET 2017
null,Update,ApexClass,APTS_IInvoiceCounters, , ,Tengo Lebanidze,Tue Dec 26 19:33:55 GET 2017
null,Update,ApexClass,APTS_IInvoiceCountersSelector, , ,Tengo Lebanidze,Tue Dec 26 19:43:45 GET 2017
null,Update,ApexClass,APTS_ILineItems, , ,Artem Nakhapetiani,Mon Dec 25 18:55:29 GET 2017
null,Update,ApexClass,APTS_ILineItemsSelector, , ,Artem Nakhapetiani,Tue Nov 21 16:40:41 GET 2017
null,Update,ApexClass,APTS_IPaymetricService, , ,Artem Nakhapetiani,Thu Nov 02 20:21:58 GET 2017
null,Update,ApexClass,APTS_IPriceListsSelector, , ,Yury Yagutyan,Tue Dec 26 14:47:16 GET 2017
null,Update,ApexClass,APTS_IProductConfigurations, , ,Tengo Lebanidze,Tue Dec 26 16:30:09 GET 2017
null,Update,ApexClass,APTS_IUserService, , ,Tengo Lebanidze,Sun Nov 26 21:38:16 GET 2017
null,Update,ApexClass,APTS_IUsers, , ,Tengo Lebanidze,Sun Nov 26 21:08:32 GET 2017
null,Update,ApexClass,APTS_IUsersSelector, , ,Artem Nakhapetiani,Wed Nov 22 16:41:33 GET 2017
null,Update,ApexClass,APTS_InvoiceCounters, , ,Tengo Lebanidze,Tue Dec 26 19:42:14 GET 2017
null,Update,ApexClass,APTS_InvoiceCountersSelector, , ,Tengo Lebanidze,Tue Dec 26 19:44:45 GET 2017
null,Update,ApexClass,APTS_InvoiceDocumentGeneration, , ,Artem Nakhapetiani,Mon Dec 04 19:14:09 GET 2017
null,Update,ApexClass,APTS_InvoiceGenerationBatch, , ,Artem Nakhapetiani,Thu Jan 11 18:26:39 GET 2018
null,Update,ApexClass,APTS_InvoiceGenerationBatchTest, , ,Tengo Lebanidze,Wed Dec 27 16:45:28 GET 2017
null,Update,ApexClass,APTS_InvoiceGenerationScheduledJob, , ,Tengo Lebanidze,Tue Dec 19 15:57:17 GET 2017
null,Update,ApexClass,APTS_InvoiceTriggerHandler, , ,Tengo Lebanidze,Tue Dec 26 19:04:41 GET 2017
null,Update,ApexClass,APTS_JITHandler, , ,Joey Schmidt,Fri Dec 01 00:21:41 GET 2017
null,Update,ApexClass,APTS_JITHandlerTest, , ,Joey Schmidt,Mon Oct 30 23:10:03 GET 2017
null,Update,ApexClass,APTS_LineItems, , ,Artem Nakhapetiani,Mon Dec 25 18:55:24 GET 2017
null,Update,ApexClass,APTS_LineItemsSelector, , ,Artem Nakhapetiani,Mon Dec 25 18:54:38 GET 2017
null,Update,ApexClass,APTS_MocksObjectProvider, , ,Artem Nakhapetiani,Thu Jan 11 19:00:28 GET 2018
null,Update,ApexClass,APTS_PaymetricHttpService, , ,Artem Nakhapetiani,Wed Dec 20 15:21:25 GET 2017
null,Update,ApexClass,APTS_PaymetricService, , ,Artem Nakhapetiani,Thu Nov 02 20:23:19 GET 2017
null,Update,ApexClass,APTS_PaymetricServiceImpl, , ,Artem Nakhapetiani,Wed Dec 20 15:19:32 GET 2017
null,Update,ApexClass,APTS_PaymetricServiceTest, , ,Yury Yagutyan,Wed Nov 15 15:45:46 GET 2017
null,Update,ApexClass,APTS_PriceListItemsSelector, , ,Artem Nakhapetiani,Fri Nov 24 15:54:44 GET 2017
null,Update,ApexClass,APTS_PriceListsSelector, , ,Yury Yagutyan,Tue Dec 26 14:48:24 GET 2017
null,Update,ApexClass,APTS_ProductConfigurations, , ,Tengo Lebanidze,Tue Dec 26 16:31:41 GET 2017
null,Update,ApexClass,APTS_ProposalsSelector, , ,Artem Nakhapetiani,Thu Nov 02 21:01:13 GET 2017
null,Update,ApexClass,APTS_SendInvoiceEmailNotification, , ,Artem Nakhapetiani,Mon Dec 04 19:19:02 GET 2017
null,Update,ApexClass,APTS_TestDataFactory, , ,Tengo Lebanidze,Wed Dec 27 16:48:20 GET 2017
null,Update,ApexClass,APTS_UserService, , ,Tengo Lebanidze,Sun Nov 26 21:40:23 GET 2017
null,Update,ApexClass,APTS_UserServiceImpl, , ,Tengo Lebanidze,Fri Dec 29 16:16:18 GET 2017
null,Update,ApexClass,APTS_Users, , ,Tengo Lebanidze,Fri Dec 29 16:23:07 GET 2017
null,Update,ApexClass,APTS_UsersSelector, , ,Artem Nakhapetiani,Mon Dec 18 13:10:02 GET 2017
null,Update,ApexClass,createLCBSAccount, , ,Shiyam Sundar,Wed Dec 20 02:01:39 GET 2017
null,Create,ApexClass,createQueueableUser, , ,Shiyam Sundar,Wed Dec 20 01:41:29 GET 2017
null,Update,StaticResource,APTS_HBTRR_MAIN, , ,Gary Yagutyan,Mon Jan 08 17:11:59 GET 2018
null,Create,StaticResource,TEST_ATTACHMENT_RESOURCE, , ,Tengo Lebanidze,Thu Nov 30 19:25:40 GET 2017
Associated Product,Create,CustomField,Load ID,Load_ID__c, ,Yury Yagutyan,Thu Nov 23 22:01:47 GET 2017
Account,Update,CustomField,Customer Tier,APTS_Customer_Tier__c,ISP customer level pricing tiers set by MaxPro Cloud that determine promotional pricing adjustments,Blake Williams,Tue Nov 14 22:24:28 GET 2017
Account,Create,CustomField,(Source) Name,APTS_Source_Name__c,A field that combines the APTS Source and the Account Name to be used in the OBM RPSAccount,oscar guzman,Thu Nov 16 09:14:39 GET 2017
Account,Update,CustomField,RPS Date,RPS_Date__c,Date of last RPS Screening,Yury Yagutyan,Sun Nov 05 20:39:57 GET 2017
Account,Update,CustomField,RPS Status,RPS_Status__c, ,Yury Yagutyan,Sun Nov 05 20:39:50 GET 2017
Related A/R Transaction,Update,CustomField,SAP Posting Key,APTS_SAP_Posting_Key__c,HSF: A Value of '50' represents a Sale, while a value of '40' represents a Refund. Required for creating G/L entry in SAP,Blake Williams,Tue Nov 14 20:42:52 GET 2017
Related A/R Transaction,Create,CustomField,Tax Rate,APTS_Tax_Rate__c, ,Yury Yagutyan,Thu Nov 09 18:51:16 GET 2017
Account Location,Create,CustomField,Load ID,Load_ID__c, ,Yury Yagutyan,Thu Nov 23 22:01:48 GET 2017
Attribute Value Matrix Entry,Create,CustomField,Load ID,Load_ID__c, ,Yury Yagutyan,Thu Nov 23 22:01:48 GET 2017
Attribute Value Matrix,Create,CustomField,Load ID,Load_ID__c, ,Yury Yagutyan,Thu Nov 23 22:01:48 GET 2017
Billing Preference,Create,CustomField,Load ID,Load_ID__c, ,Yury Yagutyan,Thu Nov 23 22:01:48 GET 2017
Category Hierarchy,Create,CustomField,Load ID,Load_ID__c, ,Yury Yagutyan,Thu Nov 23 22:01:48 GET 2017
Category,Create,CustomField,Load ID,Load_ID__c, ,Yury Yagutyan,Thu Nov 23 22:01:48 GET 2017
Order,Create,CustomField,Email Notification,APTS_Email_Notification__c, ,Gabriel Turkadze,Wed Nov 08 22:51:22 GET 2017
Order,Create,CustomField,External Owner,APTS_External_Owner__c,Automatically set to the API user that MuleSoft uses when calling the quote services API,Abigail Potter,Mon Oct 30 20:23:24 GET 2017
Order,Create,CustomField,Primary Contact Language,APTS_Primary_Contact_Language__c,Language taken from primary contact on configuration creation,Artem Nakhapetiani,Mon Nov 13 12:08:43 GET 2017
Order,Create,CustomField,Provisioning expired,APTS_Provisioning_expired__c, ,oscar guzman,Thu Dec 21 02:58:54 GET 2017
Order,Create,CustomField,Provisioning requested,APTS_Provisioning_requested__c, ,oscar guzman,Thu Dec 21 01:54:27 GET 2017
Payment Term,Create,CustomField,Load ID,Load_ID__c, ,Yury Yagutyan,Thu Nov 23 22:01:48 GET 2017
Price List Category,Create,CustomField,Load ID,Load_ID__c, ,Yury Yagutyan,Thu Nov 23 22:01:48 GET 2017
Price List,Create,CustomField,Load ID,Load_ID__c, ,Yury Yagutyan,Thu Nov 23 22:01:48 GET 2017
Product Attribute Group Member,Create,CustomField,Load ID,Load_ID__c, ,Yury Yagutyan,Thu Nov 23 22:01:48 GET 2017
Product Attribute Group,Create,CustomField,Load ID,Load_ID__c, ,Yury Yagutyan,Thu Nov 23 22:01:48 GET 2017
Product Attribute,Create,CustomField,Load ID,Load_ID__c, ,Yury Yagutyan,Thu Nov 23 22:01:48 GET 2017
Product Classification,Create,CustomField,Load ID,Load_ID__c, ,Yury Yagutyan,Thu Nov 23 22:01:48 GET 2017
Product Group Member,Create,CustomField,Load ID,Load_ID__c, ,Yury Yagutyan,Thu Nov 23 22:01:48 GET 2017
Product Option Component,Create,CustomField,Load ID,Load_ID__c, ,Yury Yagutyan,Thu Nov 23 22:01:48 GET 2017
Product Option Group,Create,CustomField,Load ID,Load_ID__c, ,Yury Yagutyan,Thu Nov 23 22:01:48 GET 2017
Product Option Price,Create,CustomField,Load ID,Load_ID__c, ,Yury Yagutyan,Thu Nov 23 22:01:48 GET 2017
Product Translation,Create,CustomField,Load ID,Load_ID__c, ,Yury Yagutyan,Thu Nov 23 22:01:48 GET 2017
Contact,Create,CustomField,Billing Notifications Enabled,APTS_Billing_Notifications_Enabled__c,Field indicating whether notifications should be sent for this contact,Artem Nakhapetiani,Thu Dec 07 20:44:58 GET 2017
Country,Create,CustomField,Country External Id,Country_External_Id__c,Country Code-Language,Honeywell,Fri Nov 03 18:27:23 GET 2017
Product,Create,CustomField,Tax Good Service Code,APTS_Tax_Good_Service_Code__c,Goods and Service Code, or GSC, passed to Sovos in the goodSrvCd request parameter,Artem Nakhapetiani,Wed Nov 01 11:03:57 GET 2017
Product,Create,CustomField,Load ID,Load_ID__c, ,Yury Yagutyan,Mon Dec 11 20:34:50 GET 2017
User,Create,CustomField,Account Email Notification,APTS_HBTRR_Account_Email_Notification__c,Created for the Conga Email Notifications.,Artem Nakhapetiani,Tue Nov 21 19:49:16 GET 2017
User,Create,CustomField,Language,APTS_Language__c,This field is populated from the LanguageLocaleKey field for workflow rule to be able reference language,Artem Nakhapetiani,Mon Dec 04 10:41:11 GET 2017
null,Create,ApexTrigger,APTS_HBTRR_PaymentMethodTrigger, , ,Tengo Lebanidze,Wed Dec 20 17:02:29 GET 2017
null,Create,ApexTrigger,APTS_PriceListItemTrigger, , ,Yury Yagutyan,Mon Dec 25 23:14:10 GET 2017
null,Create,ReportType,null,PaymentReconciliation, ,oscar guzman,Mon Dec 18 21:12:33 GET 2017
